{
	"info": {
		"_postman_id": "c1234567-89ab-cdef-0123-456789abcdef",
		"name": "Station 3 Full Tests",
		"description": "Full test suite for Station 3 (Packing Station) independent architecture.",
		"schema": "https://schema.getpostman.com/json/collection/v2.1.0/collection.json"
	},
	"item": [
		{
			"name": "1. Register Package (Success)",
			"event": [
				{
					"listen": "test",
					"script": {
						"exec": [
							"pm.test(\"Status code is 200\", function () {",
							"    pm.response.to.have.status(200);",
							"});",
							"",
							"pm.test(\"Returns the saved Package ID\", function () {",
							"    var jsonData = pm.response.json();",
							"    pm.expect(jsonData.id).to.be.a('number');",
							"    pm.environment.set(\"last_product_id\", jsonData.id);",
							"});",
							"",
							"pm.test(\"Amount is saved correctly\", function () {",
							"    var jsonData = pm.response.json();",
							"    pm.expect(jsonData.amount).to.eql(50);",
							"});"
						],
						"type": "text/javascript"
					}
				}
			],
			"request": {
				"method": "POST",
				"header": [],
				"body": {
					"mode": "raw",
					"raw": "{\n    \"productName\": \"Premium Pork Chops\",\n    \"trayIds\": [10, 11, 12],\n    \"amount\": 50,\n    \"partTypeId\": 5\n}",
					"options": {
						"raw": {
							"language": "json"
						}
					}
				},
				"url": {
					"raw": "http://localhost:8084/packages",
					"protocol": "http",
					"host": [
						"localhost"
					],
					"port": "8084",
					"path": [
						"packages"
					]
				}
			},
			"response": []
		},
		{
			"name": "2. Register Half Animal (Success)",
			"event": [
				{
					"listen": "test",
					"script": {
						"exec": [
							"pm.test(\"Status code is 201 (Created)\", function () {",
							"    pm.response.to.have.status(201);",
							"});",
							"",
							"pm.test(\"Returns the saved ID\", function () {",
							"    var jsonData = pm.response.json();",
							"    pm.expect(jsonData.id).to.be.a('number');",
							"});"
						],
						"type": "text/javascript"
					}
				}
			],
			"request": {
				"method": "POST",
				"header": [],
				"body": {
					"mode": "raw",
					"raw": "{\n    \"productName\": \"Half Pig Side A\",\n    \"trayIds\": [99, 100]\n}",
					"options": {
						"raw": {
							"language": "json"
						}
					}
				},
				"url": {
					"raw": "http://localhost:8084/halfanimals",
					"protocol": "http",
					"host": [
						"localhost"
					],
					"port": "8084",
					"path": [
						"halfanimals"
					]
				}
			},
			"response": []
		},
		{
			"name": "3. Get All Products",
			"event": [
				{
					"listen": "test",
					"script": {
						"exec": [
							"pm.test(\"Status code is 200\", function () {",
							"    pm.response.to.have.status(200);",
							"});",
							"",
							"pm.test(\"Returns a list\", function () {",
							"    var jsonData = pm.response.json();",
							"    pm.expect(jsonData).to.be.an('array');",
							"    pm.expect(jsonData.length).to.be.above(0);",
							"});"
						],
						"type": "text/javascript"
					}
				}
			],
			"request": {
				"method": "GET",
				"header": [],
				"url": {
					"raw": "http://localhost:8084/products",
					"protocol": "http",
					"host": [
						"localhost"
					],
					"port": "8084",
					"path": [
						"products"
					]
				}
			},
			"response": []
		},
		{
			"name": "4. Get Product By ID",
			"event": [
				{
					"listen": "test",
					"script": {
						"exec": [
							"pm.test(\"Status code is 200\", function () {",
							"    pm.response.to.have.status(200);",
							"});",
							"",
							"pm.test(\"Returns correct product name\", function () {",
							"    var jsonData = pm.response.json();",
							"    pm.expect(jsonData.productName).to.exist;",
							"});"
						],
						"type": "text/javascript"
					}
				}
			],
			"request": {
				"method": "GET",
				"header": [],
				"url": {
					"raw": "http://localhost:8084/products/{{last_product_id}}",
					"protocol": "http",
					"host": [
						"localhost"
					],
					"port": "8084",
					"path": [
						"products",
						"{{last_product_id}}"
					]
				}
			},
			"response": []
		}
	],
	"variable": [
		{
			"key": "last_product_id",
			"value": "1"
		}
	]
}